Google Category,Loopla Category
,
,
/Adult,/Other/Other
,
,
/Hobbies & Leisure,/Recreation/Hobbies
/Hobbies & Leisure/Clubs & Organizations,"/Recreation/Organizations, /Recreation/Clubs"
/Hobbies & Leisure/Clubs & Organizations/Youth Organizations & Resources,/Recreation/Organizations
/Hobbies & Leisure/Crafts,/Recreation/Crafts
/Hobbies & Leisure/Crafts/Fiber & Textile Arts,/Recreation/Crafts
/Hobbies & Leisure/Merit Prizes & Contests,/Recreation/Contests
/Hobbies & Leisure/Outdoors,/Recreation/Outdoors
/Hobbies & Leisure/Outdoors/Fishing,/Recreation/Fishing
/Hobbies & Leisure/Outdoors/Hiking & Camping,"/Recreation/Hiking, /Recreation/Camping"
/Hobbies & Leisure/Paintball,/Recreation/Paintball
/Hobbies & Leisure/Radio Control & Modeling,/Recreation/Hobbies
/Hobbies & Leisure/Radio Control & Modeling/Model Trains & Railroads,/Recreation/Hobbies
/Hobbies & Leisure/Special Occasions,/Events
/Hobbies & Leisure/Special Occasions/Holidays & Seasonal Events,"/Events/Holidays, /Events/Seasonal"
/Hobbies & Leisure/Special Occasions/Weddings,/Events/Weddings
/Hobbies & Leisure/Water Activities,/Recreation/Water Activities
/Hobbies & Leisure/Water Activities/Boating,/Recreation/Boating
/Hobbies & Leisure/Water Activities/Surf & Swim,"/Recreation/Swimming, /Recreation/Surfing"
,
,
/Arts & Entertainment,/Recreation
/Arts & Entertainment/Celebrities & Entertainment News,/Other/News
/Arts & Entertainment/Comics & Animation,"/Recreation/Comics, /Recreation/Animation"
/Arts & Entertainment/Comics & Animation/Anime & Manga,/Recreation/Anime & Manga
/Arts & Entertainment/Comics & Animation/Cartoons,/Recreation/Cartoons
/Arts & Entertainment/Comics & Animation/Comics,/Recreation/Comics
/Arts & Entertainment/Entertainment Industry,/Work/Entertainment
/Arts & Entertainment/Entertainment Industry/Film & TV Industry,/Work/Film & TV
/Arts & Entertainment/Entertainment Industry/Recording Industry,/Work/Music
/Arts & Entertainment/Events & Listings,/Events
"/Arts & Entertainment/Events & Listings/Bars, Clubs & Nightlife","/Events, /Events/Music"
/Arts & Entertainment/Events & Listings/Concerts & Music Festivals,/Events/Music
/Arts & Entertainment/Events & Listings/Expos & Conventions,/Events
/Arts & Entertainment/Events & Listings/Film Festivals,/Events/Movies
/Arts & Entertainment/Events & Listings/Movie Listings & Theater Showtimes,/Events/Movies
/Arts & Entertainment/Fun & Trivia,/Recreation/Trivia
/Arts & Entertainment/Fun & Trivia/Flash-Based Entertainment,/Recreation/Trivia
/Arts & Entertainment/Fun & Trivia/Fun Tests & Silly Surveys,/Recreation/Trivia
/Arts & Entertainment/Humor,/Recreation/Humor
/Arts & Entertainment/Humor/Funny Pictures & Videos,/Recreation/Humor
/Arts & Entertainment/Humor/Political Humor,/Recreation/Humor
/Arts & Entertainment/Movies,/Recreation/Movies
/Arts & Entertainment/Music & Audio,/Recreation/Music
/Arts & Entertainment/Music & Audio/CD & Audio Shopping,/Products/CDs
/Arts & Entertainment/Music & Audio/Classical Music,/Recreation/Classical Music
/Arts & Entertainment/Music & Audio/Country Music,/Recreation/Country Music
/Arts & Entertainment/Music & Audio/Dance & Electronic Music,/Recreation/Dance Music
/Arts & Entertainment/Music & Audio/Experimental & Industrial Music,/Recreation/Experimental Music
/Arts & Entertainment/Music & Audio/Jazz & Blues,/Recreation/Jazz & Blues
/Arts & Entertainment/Music & Audio/Music Education & Instruction,/Education/Music
/Arts & Entertainment/Music & Audio/Music Equipment & Technology,/Products/Music Equipment
/Arts & Entertainment/Music & Audio/Music Reference,/Recreation/Music
/Arts & Entertainment/Music & Audio/Music Streams & Downloads,/Products/Music Streaming
/Arts & Entertainment/Music & Audio/Music Videos,/Recreation/Music Videos
/Arts & Entertainment/Music & Audio/Pop Music,/Recreation/Pop Music
/Arts & Entertainment/Music & Audio/Radio,/Recreation/Radio
/Arts & Entertainment/Music & Audio/Religious Music,/Recreation/Religious Music
/Arts & Entertainment/Music & Audio/Rock Music,/Recreation/Rock Music
/Arts & Entertainment/Music & Audio/Soundtracks,/Recreation/Soundtracks
/Arts & Entertainment/Music & Audio/Urban & Hip-Hop,/Recreation/Hip-Hop
/Arts & Entertainment/Music & Audio/World Music,/Recreation/World Music
/Arts & Entertainment/Offbeat,/Recreation/Offbeat
/Arts & Entertainment/Offbeat/Occult & Paranormal,/Recreation/Offbeat
/Arts & Entertainment/Online Media,/Recreation/Online Media
/Arts & Entertainment/Online Media/Online Image Galleries,/Recreation/Online Media
/Arts & Entertainment/Performing Arts,/Recreation/Performing Arts
/Arts & Entertainment/Performing Arts/Acting & Theater,"/Recreation/Theatre, /Recreation/Acting"
/Arts & Entertainment/Performing Arts/Circus,/Recreation/Circus
/Arts & Entertainment/Performing Arts/Dance,/Recreation/Dance
/Arts & Entertainment/Performing Arts/Magic,/Recreation/Magic
/Arts & Entertainment/Performing Arts/Opera,/Recreation/Opera
/Arts & Entertainment/TV & Video,/Recreation/TV
/Arts & Entertainment/TV & Video/Online Video,/Recreation/Online Video
/Arts & Entertainment/TV & Video/TV Commercials,/Recreation/TV
/Arts & Entertainment/TV & Video/TV Shows & Programs,/Recreation/TV
/Arts & Entertainment/Visual Art & Design,/Recreation/Art & Design
/Arts & Entertainment/Visual Art & Design/Architecture,/Recreation/Architecture
/Arts & Entertainment/Visual Art & Design/Art Museums & Galleries,"/Recreation/Museums, /Recreation/Galleries"
/Arts & Entertainment/Visual Art & Design/Design,/Recreation/Design
/Arts & Entertainment/Visual Art & Design/Painting,/Recreation/Painting
/Arts & Entertainment/Visual Art & Design/Photographic & Digital Arts,/Recreation/Photography
,
,
/Home & Garden,/House
/Home & Garden/Bed & Bath,/House
/Home & Garden/Bed & Bath/Bathroom,/House
/Home & Garden/Domestic Services,/House/Cleaning
/Home & Garden/Domestic Services/Cleaning Services,/House/Cleaning
/Home & Garden/Gardening & Landscaping,"/House/Gardening, /House/Landscaping"
/Home & Garden/Home & Interior Decor,/House
/Home & Garden/Home Appliances,/Products/Appliances
/Home & Garden/Home Furnishings,/House
/Home & Garden/Home Furnishings/Curtains & Window Treatments,"/House, /Products/Curtains & Window Treatments"
/Home & Garden/Home Furnishings/Kitchen & Dining Furniture,"/House, /Products/Furniture"
/Home & Garden/Home Furnishings/Lamps & Lighting,/Products/Lighting
/Home & Garden/Home Furnishings/Living Room Furniture,"/House, /Products/Furniture"
/Home & Garden/Home Furnishings/Rugs & Carpets,"/House, /Products/Rugs"
/Home & Garden/Home Improvement,/House/Home Improvement
/Home & Garden/Home Improvement/Construction & Power Tools,/Products/Power Tools
/Home & Garden/Home Improvement/Doors & Windows,"/House/Doors, /House/Windows"
/Home & Garden/Home Improvement/Flooring,/House/Flooring
/Home & Garden/Home Improvement/House Painting & Finishing,/House/Painting
/Home & Garden/Home Improvement/Plumbing,/House/Plumbing
/Home & Garden/Home Safety & Security,/House/Security
/Home & Garden/Home Storage & Shelving,/House
"/Home & Garden/Home Swimming Pools, Saunas & Spas","/House/Swimming Pools, /House/Saunas"
/Home & Garden/HVAC & Climate Control,/House/HVAC
/Home & Garden/HVAC & Climate Control/Fireplaces & Stoves,"/House/Fireplaces, /House/Stoves"
/Home & Garden/Kitchen & Dining,/House
/Home & Garden/Kitchen & Dining/Cookware & Diningware,"/Products/Cookware, /Products/Diningware"
/Home & Garden/Kitchen & Dining/Major Kitchen Appliances,/Products/Kitchen Appliances
/Home & Garden/Kitchen & Dining/Small Kitchen Appliances,/Products/Kitchen Appliances
/Home & Garden/Laundry,/House
/Home & Garden/Laundry/Washers & Dryers,/Products/Appliances
/Home & Garden/Nursery & Playroom,/House
/Home & Garden/Pest Control,/House/Pest Control
/Home & Garden/Yard & Patio,/House/Yard
/Home & Garden/Yard & Patio/Lawn Mowers,/Products/Lawn Mowers
,
,
/Internet & Telecom,/Products/Communication
/Internet & Telecom/Communications Equipment,/Products/Communication
/Internet & Telecom/Communications Equipment/Radio Equipment,/Products/Communication
/Internet & Telecom/Email & Messaging,/Work/Email & Messaging
/Internet & Telecom/Email & Messaging/Text & Instant Messaging,/Work/Email & Messaging
/Internet & Telecom/Email & Messaging/Voice & Video Chat,/Work/Email & Messaging
/Internet & Telecom/Mobile & Wireless,/Products/Mobile & Wireless
/Internet & Telecom/Mobile & Wireless/Mobile & Wireless Accessories,/Products/Mobile & Wireless
/Internet & Telecom/Mobile & Wireless/Mobile Apps & Add-Ons,/Products/Mobile & Wireless
/Internet & Telecom/Mobile & Wireless/Mobile Phones,/Products/Mobile Phones
/Internet & Telecom/Service Providers,/Products/Communication
/Internet & Telecom/Service Providers/Cable & Satellite Providers,/Products/Cable & Satellite
/Internet & Telecom/Web Services,/Work/Web Services
/Internet & Telecom/Web Services/Affiliate Programs,/Work/Affiliate Programs
/Internet & Telecom/Web Services/Web Design & Development,/Work/Web Design & Development
,
,
/Autos & Vehicles,/Cars
/Autos & Vehicles/Bicycles & Accessories,/Products/Bikes
/Autos & Vehicles/Bicycles & Accessories/Bike Parts & Repair,"/Recreation/Bike Repair, /Products/Bike Parts"
/Autos & Vehicles/Bicycles & Accessories/BMX Bikes,/Products/Bikes
/Autos & Vehicles/Boats & Watercraft,/Products/Boats
/Autos & Vehicles/Campers & RVs,"/Products/Campers & RVs, /Cars/Campers & RVs"
/Autos & Vehicles/Classic Vehicles,/Cars/Classic Vehicles
/Autos & Vehicles/Commercial Vehicles/Cargo Trucks & Trailers,"/Cars/Cargo Trucks, /Cars/Trailers"
/Autos & Vehicles/Motor Vehicles (By Type),/Cars
/Autos & Vehicles/Motor Vehicles (By Type)/Hybrid & Alternative Vehicles,/Cars/Hybrid & Alternative
/Autos & Vehicles/Motor Vehicles (By Type)/Motorcycles,/Cars/Motorcycles
/Autos & Vehicles/Motor Vehicles (By Type)/Off-Road Vehicles,/Cars/Off-Road
/Autos & Vehicles/Motor Vehicles (By Type)/Trucks & SUVs,"/Cars/Trucks, /Cars/SUVs"
/Autos & Vehicles/Vehicle Codes & Driving Laws,/Cars/Licensing & Registration
/Autos & Vehicles/Vehicle Codes & Driving Laws/Vehicle Licensing & Registration,/Cars/Licensing & Registration
/Autos & Vehicles/Vehicle Parts & Services,"/Cars/Parts, /Cars/Services"
/Autos & Vehicles/Vehicle Parts & Services/Gas Prices & Vehicle Fueling,"/Cars/Parts, /Cars/Services"
/Autos & Vehicles/Vehicle Parts & Services/Vehicle Parts & Accessories,"/Cars/Parts, /Cars/Services"
/Autos & Vehicles/Vehicle Parts & Services/Vehicle Repair & Maintenance,"/Cars/Parts, /Cars/Services"
/Autos & Vehicles/Vehicle Shopping,/Cars/Shopping
/Autos & Vehicles/Vehicle Shopping/Used Vehicles,/Cars/Shopping
/Autos & Vehicles/Vehicle Shows,/Cars/Shopping
,
,
/Jobs & Education,"/Work, /Education"
/Jobs & Education/Education,/Education
/Jobs & Education/Education/Colleges & Universities,/Education/College
/Jobs & Education/Education/Distance Learning,/Education/Distance Learning
/Jobs & Education/Education/Homeschooling,/Education/Homeschooling
/Jobs & Education/Education/Primary & Secondary Schooling (K-12),/Education/K-12
/Jobs & Education/Education/Standardized & Admissions Tests,/Education/Testing
/Jobs & Education/Education/Teaching & Classroom Resources,/Education/Teaching Resources
/Jobs & Education/Education/Training & Certification,/Education/Training & Certification
/Jobs & Education/Education/Vocational & Continuing Education,"/Education/Vocational, /Education/Continuing"
/Jobs & Education/Jobs,/Work/Jobs
/Jobs & Education/Jobs/Career Resources & Planning,/Work/Career Resources
/Jobs & Education/Jobs/Job Listings,/Work/Job Listings
/Jobs & Education/Jobs/Resumes & Portfolios,/Work/Resumes
,
,
/Law & Government,/Other/Government
/Law & Government/Government,/Other/Government
/Law & Government/Government/Courts & Judiciary,/Other/Government
/Law & Government/Government/Visa & Immigration,/Other/Visa & Immigration
/Law & Government/Legal,/Other/Legal
/Law & Government/Legal/Bankruptcy,/Finance/Bankruptcy
/Law & Government/Legal/Legal Education,/Education/Legal
/Law & Government/Legal/Legal Services,/Other/Legal Services
/Law & Government/Military,/Other/Military
/Law & Government/Public Safety,/Other/Public Safety
/Law & Government/Public Safety/Crime & Justice,/Other/Public Safety
/Law & Government/Public Safety/Emergency Services,/Other/Emergency Services
/Law & Government/Public Safety/Law Enforcement,/Other/Public Safety
/Law & Government/Public Safety/Security Products & Services,/Products/Security
/Law & Government/Social Services,/Family/Social Services
,
,
/Beauty & Fitness,/Health
/Beauty & Fitness/Beauty Pageants,/Recreation/Beauty Pageants
/Beauty & Fitness/Body Art,/Health/Body Art
/Beauty & Fitness/Cosmetic Procedures,/Health/Cosmetic Procedures
/Beauty & Fitness/Cosmetic Procedures/Cosmetic Surgery,/Health/Cosmetic Procedures
/Beauty & Fitness/Cosmetology & Beauty Professionals,/Health/Beauty Professionals
/Beauty & Fitness/Face & Body Care,/Health/Face & Body
/Beauty & Fitness/Face & Body Care/Hygiene & Toiletries,/Health/Hygiene
/Beauty & Fitness/Face & Body Care/Make-Up & Cosmetics,/Health/Make-Up
/Beauty & Fitness/Face & Body Care/Perfumes & Fragrances,/Health/Perfumes & Fragrances
/Beauty & Fitness/Face & Body Care/Skin & Nail Care,/Health/Skin & Nails
/Beauty & Fitness/Face & Body Care/Unwanted Body & Facial Hair Removal,/Health/Hair Removal
/Beauty & Fitness/Fashion & Style,/Products/Fashion & Style
/Beauty & Fitness/Fashion & Style/Fashion Designers & Collections,/Products/Fashion & Style
/Beauty & Fitness/Fitness,"/Health/Fitness, /Recreation/Sports"
/Beauty & Fitness/Hair Care,/Health/Hair Care
/Beauty & Fitness/Hair Care/Hair Loss,/Health/Hair Loss
/Beauty & Fitness/Spas & Beauty Services,/Health/Spas
/Beauty & Fitness/Spas & Beauty Services/Massage Therapy,/Health/Massage
/Beauty & Fitness/Weight Loss,/Health/Weight Loss
,
,
/News,/Other/News
/News/Business News,/Other/News
/News/Business News/Company News,/Other/News
/News/Business News/Financial Markets News,/Other/News
/News/Gossip & Tabloid News/Scandals & Investigations,/Other/News
/News/Health News,/Other/News
/News/Politics,/Other/News
/News/Sports News,/Other/News
/News/Weather,/Other/News
,
,
/Books & Literature,/Recreation/Books
/Books & Literature/Children's Literature,/Recreation/Books
/Books & Literature/E-Books,/Recreation/Books
/Books & Literature/Fan Fiction,/Recreation/Books
/Books & Literature/Literary Classics,/Recreation/Books
/Books & Literature/Poetry,/Recreation/Books
/Books & Literature/Writers Resources,/Work/Writing Resources
,
,
/Online Communities,/Recreation/Online Communities
/Online Communities/Blogging Resources & Services,/Recreation/Blogging
/Online Communities/Dating & Personals,/Recreation/Online Dating
/Online Communities/Dating & Personals/Matrimonial Services,/Recreation/Online Dating
/Online Communities/Dating & Personals/Personals,/Recreation/Online Dating
/Online Communities/Dating & Personals/Photo Rating Sites,/Recreation/Online Dating
/Online Communities/File Sharing & Hosting,/Work/Hosting Services
/Online Communities/Online Goodies,/Recreation/Online Communities
/Online Communities/Online Goodies/Clip Art & Animated GIFs,"/Work/Clip Art, /Recreation/Clip Art"
"/Online Communities/Online Goodies/Skins, Themes & Wallpapers",/Work/Skins & Wallpapers
/Online Communities/Online Goodies/Social Network Apps & Add-Ons,/Recreation/Social Networking
/Online Communities/Photo & Video Sharing,/Recreation/Photo Sharing
/Online Communities/Photo & Video Sharing/Photo & Image Sharing,/Recreation/Photo Sharing
/Online Communities/Social Networks,/Recreation/Social Networking
/Online Communities/Virtual Worlds,/Recreation/Virtual Reality
,
,
/Business & Industrial,/Work
/Business & Industrial/Advertising & Marketing/Public Relations,/Work/Public Relations
/Business & Industrial/Aerospace & Defense/Space Technology,/Work/Aerospace & Defense
/Business & Industrial/Agriculture & Forestry,/Work/Agriculture & Foresty
/Business & Industrial/Agriculture & Forestry/Agricultural Equipment,/Work/Agriculture & Foresty
/Business & Industrial/Agriculture & Forestry/Forestry,/Work/Agriculture & Foresty
/Business & Industrial/Agriculture & Forestry/Livestock,/Work/Agriculture & Foresty
/Business & Industrial/Automotive Industry,/Work/Automotive
/Business & Industrial/Business Education,/Education/Business
/Business & Industrial/Business Finance,/Finance/Business Finance
/Business & Industrial/Business Finance/Venture Capital,/Finance/Venture Capital
/Business & Industrial/Business Operations,/Work/Business Operations
/Business & Industrial/Business Operations/Business Plans & Presentations,/Work/Business Operations
/Business & Industrial/Business Operations/Management,/Work/Business Operations
/Business & Industrial/Business Services,/Work/Services
/Business & Industrial/Business Services/Consulting,/Work/Consulting
/Business & Industrial/Business Services/Corporate Events,"/Work/Corporate Events, /Events/Corporate Events"
/Business & Industrial/Business Services/E-Commerce Services,/Work/E-Commerce
/Business & Industrial/Business Services/Fire & Security Services,/Work/Fire & Security
/Business & Industrial/Business Services/Office Services,/Work/Services
/Business & Industrial/Business Services/Office Supplies,/Work/Office Supplies
/Business & Industrial/Business Services/Writing & Editing Services,/Work/Writing Services
/Business & Industrial/Chemicals Industry,/Work/Chemicals Industry
/Business & Industrial/Chemicals Industry/Cleaning Agents,/Work/Chemicals Industry
/Business & Industrial/Chemicals Industry/Plastics & Polymers,/Work/Chemicals Industry
/Business & Industrial/Construction & Maintenance,/Work/Construction
/Business & Industrial/Construction & Maintenance/Building Materials & Supplies,/Products/Building Supplies
/Business & Industrial/Energy & Utilities,/Work/Energy & Utilities
/Business & Industrial/Energy & Utilities/Electricity,/Work/Energy & Utilities
/Business & Industrial/Energy & Utilities/Oil & Gas,/Work/Energy & Utilities
/Business & Industrial/Energy & Utilities/Renewable & Alternative Energy,/Work/Energy & Utilities
/Business & Industrial/Hospitality Industry,/Work/Hospitality
/Business & Industrial/Hospitality Industry/Event Planning,/Work/Hospitality
/Business & Industrial/Hospitality Industry/Food Service,/Work/Hospitality
/Business & Industrial/Industrial Materials & Equipment,"/Work/Industrial Equipment, /Products/Industrial Equipment"
/Business & Industrial/Industrial Materials & Equipment/Heavy Machinery,"/Work/Industrial Equipment, /Products/Industrial Equipment"
/Business & Industrial/Manufacturing,/Work/Manufacturing
/Business & Industrial/Metals & Mining,/Work/Mining
/Business & Industrial/Metals & Mining/Precious Metals,/Work/Mining
/Business & Industrial/Pharmaceuticals & Biotech,/Work/Pharmaceuticals
/Business & Industrial/Printing & Publishing,/Work/Printing & Publishing
/Business & Industrial/Retail Trade,/Work/Retail
/Business & Industrial/Retail Trade/Retail Equipment & Technology,/Work/Retail
/Business & Industrial/Small Business/MLM & Business Opportunities,/Work
/Business & Industrial/Textiles & Nonwovens,/Work/Textiles
/Business & Industrial/Transportation & Logistics,/Work/Transportation & Logistics
/Business & Industrial/Transportation & Logistics/Freight & Trucking,/Work/Transportation & Logistics
/Business & Industrial/Transportation & Logistics/Mail & Package Delivery,/Work/Transportation & Logistics
/Business & Industrial/Transportation & Logistics/Maritime Transport,/Work/Transportation & Logistics
/Business & Industrial/Transportation & Logistics/Moving & Relocation,"/Work/Transportation & Logistics, /House/Moving"
/Business & Industrial/Transportation & Logistics/Packaging,/Work/Transportation & Logistics
/Business & Industrial/Transportation & Logistics/Parking,/Work/Transportation & Logistics
/Business & Industrial/Transportation & Logistics/Rail Transport,/Work/Transportation & Logistics
/Business & Industrial/Transportation & Logistics/Urban Transport,/Work/Transportation & Logistics
,
,
/People & Society,/Family
/People & Society/Family & Relationships,/Family
/People & Society/Family & Relationships/Family,/Family
/People & Society/Family & Relationships/Marriage,/Family/Relationships
/People & Society/Family & Relationships/Troubled Relationships,/Family/Relationships
/People & Society/Kids & Teens,/Family/Kids & Teens
/People & Society/Kids & Teens/Children's Interests,/Family/Kids & Teens
/People & Society/Kids & Teens/Teen Interests,/Family/Kids & Teens
/People & Society/Religion & Belief,/Family/Religion
/People & Society/Seniors & Retirement,/Family/Seniors
/People & Society/Social Issues & Advocacy,/Other/Social Issues
/People & Society/Social Issues & Advocacy/Charity & Philanthropy,/Finance/Philanthropy
/People & Society/Social Issues & Advocacy/Discrimination & Identity Relations,/Other/Social Issues
/People & Society/Social Issues & Advocacy/Green Living & Environmental Issues,/Other/Social Issues
/People & Society/Social Issues & Advocacy/Human Rights & Liberties,/Other/Social Issues
/People & Society/Social Issues & Advocacy/Poverty & Hunger,/Other/Social Issues
/People & Society/Social Issues & Advocacy/Work & Labor Issues,/Other/Social Issues
/People & Society/Social Sciences,/Education/Social Sciences
/People & Society/Social Sciences/Economics,/Education/Economics
/People & Society/Social Sciences/Political Science,/Education/Political Science
/People & Society/Social Sciences/Psychology,/Education/Psychology
/People & Society/Subcultures & Niche Interests,/Education/Subcultures
,
,
/Pets & Animals,/Pets
/Pets & Animals/Animal Products & Services/Pet Food & Supplies,/Pets/Food
/Pets & Animals/Animal Products & Services/Veterinarians,/Pets/Veterinarians
/Pets & Animals/Pets,/Pets
/Pets & Animals/Pets/Birds,/Pets/Birds
/Pets & Animals/Pets/Cats,/Pets/Cats
/Pets & Animals/Pets/Dogs,/Pets/Dogs
/Pets & Animals/Pets/Exotic Pets,/Pets/Exotic
/Pets & Animals/Pets/Fish & Aquaria,/Pets/Fish
/Pets & Animals/Pets/Horses,/Pets/Horses
/Pets & Animals/Pets/Rabbits & Rodents,"/Pets/Rabbits, /Pets/Rodents"
/Pets & Animals/Pets/Reptiles & Amphibians,"/Pets/Reptiles, /Pets/Amphibians"
/Pets & Animals/Wildlife,/Pets/Wildlife
,
,
/Real Estate,/House/Real Estate
/Real Estate/Real Estate Listings,/House/Real Estate
/Real Estate/Real Estate Listings/Bank-Owned & Foreclosed Properties,/House/Real Estate
/Real Estate/Real Estate Listings/Commercial Properties,/Work/Real Estate
/Real Estate/Real Estate Listings/Lots & Land,/House/Real Estate
/Real Estate/Real Estate Listings/Residential Rentals,/House/Rentals
/Real Estate/Real Estate Listings/Residential Sales,/House/Real Estate
/Real Estate/Real Estate Listings/Timeshares & Vacation Properties,/Travel/Vacation Properties
/Real Estate/Real Estate Services,/House/Real Estate
,
,
/Computers & Electronics,/Products/Computers
/Computers & Electronics/CAD & CAM,/Products/Computers
/Computers & Electronics/Computer Hardware,/Products/Computers
/Computers & Electronics/Computer Hardware/Computer Components,/Products/Computers
/Computers & Electronics/Computer Hardware/Computer Drives & Storage,/Products/Computers
/Computers & Electronics/Computer Hardware/Computer Peripherals,/Products/Computers
/Computers & Electronics/Computer Hardware/Desktop Computers,/Products/Computers
/Computers & Electronics/Computer Hardware/Laptops & Notebooks,/Products/Computers
/Computers & Electronics/Computer Security,"/Work/Computer Security, /House/Computer Security"
/Computers & Electronics/Computer Security/Hacking & Cracking,"/Work/Computer Security, /House/Computer Security"
/Computers & Electronics/Consumer Electronics,/Products/Consumer Electronics
/Computers & Electronics/Consumer Electronics/Audio Equipment,/Products/Audio
/Computers & Electronics/Consumer Electronics/Camera & Photo Equipment,/Products/Camera
/Computers & Electronics/Consumer Electronics/Car Electronics,"/Products/Car Electronics, /Cars/Electronics"
/Computers & Electronics/Consumer Electronics/Drones & RC Aircraft,/Products/Drones
/Computers & Electronics/Consumer Electronics/Game Systems & Consoles,/Products/Games
/Computers & Electronics/Consumer Electronics/GPS & Navigation,/Products/GPS & Navigation
/Computers & Electronics/Consumer Electronics/TV & Video Equipment,/Products/TV & Video Equipment
/Computers & Electronics/Electronics & Electrical,/Products/Electronics
/Computers & Electronics/Electronics & Electrical/Electronic Components,/Products/Electronics
/Computers & Electronics/Electronics & Electrical/Power Supplies,/Products/Electronics
/Computers & Electronics/Enterprise Technology,/Work/Enterprise Technology
/Computers & Electronics/Enterprise Technology/Data Management,/Work/Enterprise Technology
/Computers & Electronics/Networking,/Work/Networking Technology
/Computers & Electronics/Networking/Data Formats & Protocols,/Work/Networking Technology
/Computers & Electronics/Networking/Network Monitoring & Management,/Work/Networking Technology
/Computers & Electronics/Networking/VPN & Remote Access,/Work/Networking Technology
/Computers & Electronics/Programming,/Work/Computer Programming
/Computers & Electronics/Programming/Java (Programming Language),/Work/Computer Programming
/Computers & Electronics/Software,"/Work/Software, /House/Software"
/Computers & Electronics/Software/Business & Productivity Software,/Work/Software
/Computers & Electronics/Software/Device Drivers,/Work/Software
/Computers & Electronics/Software/Internet Software,"/Work/Software, /House/Software"
/Computers & Electronics/Software/Multimedia Software,"/Work/Software, /House/Software"
/Computers & Electronics/Software/Operating Systems,/Work/Software
/Computers & Electronics/Software/Software Utilities,"/Work/Software, /House/Software"
,
,
/Reference,/Other/Reference
/Reference/Directories & Listings,/Other/Directories
/Reference/Directories & Listings/Business & Personal Listings,/Other/Directories
/Reference/General Reference,/Other/Reference
/Reference/General Reference/Biographies & Quotations,/Education/Biographies & Quotations
/Reference/General Reference/Calculators & Reference Tools,/Products/Calculators
/Reference/General Reference/Dictionaries & Encyclopedias,/Products/Dictionaries & Encyclopedias
/Reference/General Reference/Forms Guides & Templates,/Other/Reference
/Reference/General Reference/Public Records,/Other/Public Records
/Reference/General Reference/Time & Calendars,/Other/Reference
/Reference/Geographic Reference,/Other/Reference
/Reference/Geographic Reference/Maps,/Other/Maps
/Reference/Humanities,/Education/Humanities
/Reference/Humanities/History,/Education/History
/Reference/Humanities/Myth & Folklore,/Education/Myth & Folklore
/Reference/Humanities/Philosophy,/Education/Philosophy
/Reference/Language Resources,/Education/Language
/Reference/Language Resources/Foreign Language Resources,/Education/Language
/Reference/Libraries & Museums,"/Recreation/Libraries, /Recreation/Museums"
/Reference/Libraries & Museums/Museums,/Recreation/Museums
,
,
/Science,/Education/Science
/Science/Astronomy,/Education/Astronomy
/Science/Biological Sciences,/Education/Biology
/Science/Biological Sciences/Neuroscience,/Education/Neuroscience
/Science/Chemistry,/Education/Chemistry
/Science/Computer Science,/Education/Computer Science
/Science/Earth Sciences,/Education/Earth Sciences
/Science/Earth Sciences/Atmospheric Science,/Education/Earth Sciences
/Science/Earth Sciences/Geology,/Education/Geology
/Science/Ecology & Environment,/Education/Ecology
/Science/Ecology & Environment/Climate Change & Global Warming,/Education/Ecology
/Science/Engineering & Technology,/Education/Engineering
/Science/Engineering & Technology/Robotics,/Education/Robotics
/Science/Mathematics,/Education/Math
/Science/Mathematics/Statistics,/Education/Statistics
/Science/Physics,/Education/Physics
/Science/Scientific Institutions,/Education/Institutions
,
,
/Finance,/Finance
/Finance/Accounting & Auditing,/Finance/Accounting
/Finance/Accounting & Auditing/Billing & Invoicing,/Finance/Accounting
/Finance/Accounting & Auditing/Tax Preparation & Planning,/Finance/Accounting
/Finance/Banking,/Finance/Banking
/Finance/Credit & Lending,/Finance/Credit & Lending
/Finance/Credit & Lending/Credit Cards,/Finance/Credit Cards
/Finance/Credit & Lending/Credit Reporting & Monitoring,/Finance/Credit & Lending
/Finance/Credit & Lending/Loans,/Finance/Credit & Lending
/Finance/Financial Planning & Management,/Finance/Financial Planning
/Finance/Financial Planning & Management/Retirement & Pension,/Finance/Financial Planning
"/Finance/Grants, Scholarships & Financial Aid",/Finance/Grants & Scholarships
"/Finance/Grants, Scholarships & Financial Aid/Study Grants & Scholarships",/Finance/Grants & Scholarships
/Finance/Insurance,/Finance/Insurance
/Finance/Insurance/Health Insurance,/Finance/Insurance
/Finance/Investing,/Finance/Investing
/Finance/Investing/Commodities & Futures Trading,/Finance/Investing
/Finance/Investing/Currencies & Foreign Exchange,/Finance/Investing
/Finance/Investing/Stocks & Bonds,/Finance/Investing
,
,
/Sensitive Subjects,/Other/Sensitive Subjects
,
,
/Shopping,/Products/Shopping
/Shopping/Antiques & Collectibles,/Products/Antiques
/Shopping/Apparel,/Products/Clothing
/Shopping/Apparel/Athletic Apparel,/Products/Athletic Apparel
/Shopping/Apparel/Casual Apparel,/Products/Casual Apparel
/Shopping/Apparel/Children's Clothing,/Products/Children's Clothing
/Shopping/Apparel/Clothing Accessories,/Products/Clothing Accessories
/Shopping/Apparel/Costumes,/Products/Costumes
/Shopping/Apparel/Eyewear,/Products/Eyeglasses
/Shopping/Apparel/Footwear,"/Products/Shoes, /Products/Socks"
/Shopping/Apparel/Formal Wear,/Products/Formal Wear
/Shopping/Apparel/Headwear,/Products/Hats
/Shopping/Apparel/Men's Clothing,/Products/Men's Clothing
/Shopping/Apparel/Swimwear,/Products/Swim Suits
/Shopping/Apparel/Undergarments,/Products/Undergarments
/Shopping/Apparel/Women's Clothing,/Products/Women's Clothing
/Shopping/Auctions,/Events/Auctions
/Shopping/Classifieds,/Products/Classifieds
/Shopping/Consumer Resources,/Finance/Consumer Resources
/Shopping/Consumer Resources/Consumer Advocacy & Protection,/Finance/Consumer Resources
/Shopping/Consumer Resources/Coupons & Discount Offers,/Finance/Consumer Resources
/Shopping/Consumer Resources/Product Reviews & Price Comparisons,/Finance/Consumer Resources
/Shopping/Entertainment Media,/Products/Entertainment
/Shopping/Entertainment Media/Entertainment Media Rentals,/Products/Entertainment
/Shopping/Gifts & Special Event Items,/Products/Gifts
/Shopping/Gifts & Special Event Items/Cards & Greetings,/Products/Cards
/Shopping/Gifts & Special Event Items/Flowers,/Products/Flowers
/Shopping/Gifts & Special Event Items/Gifts,/Products/Gifts
/Shopping/Luxury Goods,/Products/Luxury Goods
/Shopping/Mass Merchants & Department Stores,/Products/Retail
/Shopping/Photo & Video Services,"/Products/Photo Services, /Products/Video Services"
/Shopping/Tobacco Products,/Products/Tobacco
/Shopping/Toys,/Products/Toys
/Shopping/Toys/Building Toys,/Products/Toys
/Shopping/Toys/Die-cast & Toy Vehicles,/Products/Toys
/Shopping/Toys/Dolls & Accessories,/Products/Toys
/Shopping/Toys/Ride-On Toys & Wagons,/Products/Toys
/Shopping/Toys/Stuffed Toys,/Products/Toys
,
,
/Food & Drink,/Food
/Food & Drink/Beverages,/Food/Drink
/Food & Drink/Beverages/Alcoholic Beverages,/Food/Alcohol
/Food & Drink/Beverages/Coffee & Tea,/Food/Coffee & Tea
/Food & Drink/Beverages/Juice,/Food/Juice
/Food & Drink/Beverages/Soft Drinks,/Food/Soda
/Food & Drink/Cooking & Recipes,/Food/Recipes
/Food & Drink/Cooking & Recipes/BBQ & Grilling,/Food/Recipes
/Food & Drink/Cooking & Recipes/Desserts,/Food/Recipes
/Food & Drink/Cooking & Recipes/Soups & Stews,/Food/Recipes
/Food & Drink/Food,/Food
/Food & Drink/Food & Grocery Retailers,/Food/Retail Stores
/Food & Drink/Food/Baked Goods,/Food/Baked Goods
/Food & Drink/Food/Breakfast Foods,/Food/Breakfast
/Food & Drink/Food/Candy & Sweets,/Food/Candy
/Food & Drink/Food/Grains & Pasta,/Food/Grains & Pasta
/Food & Drink/Food/Meat & Seafood,"/Food/Meat, /Food/Seafood"
/Food & Drink/Food/Snack Foods,/Food/Snacks
/Food & Drink/Restaurants,/Food/Restaurants
/Food & Drink/Restaurants/Fast Food,/Food/Restaurants
/Food & Drink/Restaurants/Pizzerias,/Food/Restaurants
/Food & Drink/Restaurants/Restaurant Reviews & Reservations,/Food/Restaurants
,
,
/Games,/Recreation/Games
/Games/Arcade & Coin-Op Games,/Recreation/Arcade Games
/Games/Board Games,/Recreation/Board Games
/Games/Board Games/Chess & Abstract Strategy Games,/Recreation/Board Games
/Games/Board Games/Miniatures & Wargaming,/Recreation/Board Games
/Games/Card Games,/Recreation/Card Games
/Games/Card Games/Collectible Card Games,/Recreation/Card Games
/Games/Card Games/Poker & Casino Games,/Recreation/Card Games
/Games/Computer & Video Games,/Recreation/Video Games
/Games/Computer & Video Games/Casual Games,/Recreation/Video Games
/Games/Computer & Video Games/Driving & Racing Games,/Recreation/Video Games
/Games/Computer & Video Games/Fighting Games,/Recreation/Video Games
/Games/Computer & Video Games/Music & Dance Games,/Recreation/Video Games
/Games/Computer & Video Games/Sandbox Games,/Recreation/Video Games
/Games/Computer & Video Games/Shooter Games,/Recreation/Video Games
/Games/Computer & Video Games/Simulation Games,/Recreation/Video Games
/Games/Computer & Video Games/Sports Games,/Recreation/Video Games
/Games/Computer & Video Games/Strategy Games,/Recreation/Video Games
/Games/Computer & Video Games/Video Game Emulation,/Recreation/Video Games
/Games/Family-Oriented Games & Activities,/Recreation/Family Games
/Games/Family-Oriented Games & Activities/Drawing & Coloring,/Recreation/Family Games
/Games/Family-Oriented Games & Activities/Dress-Up & Fashion Games,/Recreation/Family Games
/Games/Gambling,/Recreation/Gambling
/Games/Gambling/Lottery,/Recreation/Gambling
/Games/Online Games/Massively Multiplayer Games,/Recreation/Video Games
/Games/Puzzles & Brainteasers,/Recreation/Puzzles
/Games/Roleplaying Games,/Recreation/Roleplaying Games
/Games/Table Games,/Recreation/Table Games
/Games/Table Games/Billiards,/Recreation/Table Games
/Games/Word Games,/Recreation/Word Games
,
,
/Sports,/Recreation/Sports
/Sports/Animal Sports,/Recreation/Sports
/Sports/College Sports,/Recreation/Sports
/Sports/Combat Sports,/Recreation/Sports
/Sports/Combat Sports/Boxing,/Recreation/Boxing
/Sports/Combat Sports/Martial Arts,/Recreation/Martial Arts
/Sports/Combat Sports/Wrestling,/Recreation/Wrestling
/Sports/Extreme Sports,/Recreation/Sports
/Sports/Extreme Sports/Drag & Street Racing,/Recreation/Sports
/Sports/Fantasy Sports,/Recreation/Fantasy Sports
/Sports/Individual Sports,/Recreation/Sports
/Sports/Individual Sports/Cycling,/Recreation/Cycling
/Sports/Individual Sports/Golf,/Recreation/Golf
/Sports/Individual Sports/Gymnastics,/Recreation/Gymnastics
/Sports/Individual Sports/Racquet Sports,/Recreation/Racquet Sports
/Sports/Individual Sports/Skate Sports,/Recreation/Sports
/Sports/Individual Sports/Track & Field,/Recreation/Track & Field
/Sports/International Sports Competitions,/Events/Sports
/Sports/International Sports Competitions/Olympics,/Events/Olympics
/Sports/Motor Sports,/Recreation/Motor Sports
/Sports/Sporting Goods,/Products/Sporting Goods
/Sports/Sporting Goods/Sports Memorabilia,/Products/Sporting Goods
/Sports/Sporting Goods/Winter Sports Equipment,/Products/Sporting Goods
/Sports/Sports Coaching & Training,"/Education/Coaching, /Recreation/Sports Training"
/Sports/Team Sports,/Recreation/Sports
/Sports/Team Sports/American Football,/Recreation/Football
/Sports/Team Sports/Australian Football,/Recreation/Sports
/Sports/Team Sports/Baseball,/Recreation/Baseball
/Sports/Team Sports/Basketball,/Recreation/Basketball
/Sports/Team Sports/Cheerleading,/Recreation/Cheerleading
/Sports/Team Sports/Cricket,/Recreation/Cricket
/Sports/Team Sports/Hockey,/Recreation/Hockey
/Sports/Team Sports/Rugby,/Recreation/Rugby
/Sports/Team Sports/Soccer,/Recreation/Soccer
/Sports/Team Sports/Volleyball,/Recreation/Volleyball
/Sports/Water Sports,/Recreation/Sports
/Sports/Water Sports/Surfing,/Recreation/Surfing
/Sports/Water Sports/Swimming,/Recreation/Swimming
/Sports/Winter Sports,/Recreation/Sports
/Sports/Winter Sports/Ice Skating,/Recreation/Ice Skating
/Sports/Winter Sports/Skiing & Snowboarding,/Recreation/Skiing & Snowboarding
,
,
/Health,/Health
/Health/Aging & Geriatrics,/Health/Aging
/Health/Health Conditions,/Health
/Health/Health Conditions/AIDS & HIV,/Health/AIDS & HIV
/Health/Health Conditions/Allergies,/Health/Allergies
/Health/Health Conditions/Arthritis,/Health/Arthritis
/Health/Health Conditions/Cancer,/Health/Cancer
/Health/Health Conditions/Diabetes,/Health/Diabetes
/Health/Health Conditions/Ear Nose & Throat,/Health/Ear Nose & Throat
/Health/Health Conditions/Eating Disorders,/Health/Eating Disorders
/Health/Health Conditions/Endocrine Conditions,/Health/Endocrine Conditions
/Health/Health Conditions/Genetic Disorders,/Health/Genetics
/Health/Health Conditions/Heart & Hypertension,/Health/Heart & Hypertension
/Health/Health Conditions/Infectious Diseases,/Health/Infectious Diseases
/Health/Health Conditions/Neurological Conditions,/Health/Neurologist
/Health/Health Conditions/Obesity,/Health/Obesity
/Health/Health Conditions/Pain Management,/Health/Pain
/Health/Health Conditions/Respiratory Conditions,/Health/Respiratory
/Health/Health Conditions/Skin Conditions,/Health/Skin
/Health/Health Conditions/Sleep Disorders,/Health/Sleep
/Health/Health Education & Medical Training,/Education/Medical
/Health/Health Foundations & Medical Research,/Health/Research
/Health/Medical Devices & Equipment,/Products/Medical Devices
/Health/Medical Facilities & Services,/Health/Medical Services
/Health/Medical Facilities & Services/Doctors' Offices,/Health/Medical Services
/Health/Medical Facilities & Services/Hospitals & Treatment Centers,/Health/Hospitals
/Health/Medical Facilities & Services/Medical Procedures,/Health/Medical Services
/Health/Medical Facilities & Services/Physical Therapy,/Health/Physical Therapy
/Health/Men's Health,/Health/Men's Health
/Health/Mental Health,/Health/Mental Health
/Health/Mental Health/Anxiety & Stress,/Health/Anxiety & Stress
/Health/Mental Health/Depression,/Health/Depression
/Health/Nursing,/Health/Nursing
/Health/Nursing/Assisted Living & Long Term Care,/Health/Assisted Living
/Health/Nutrition,/Health/Nutrition
/Health/Nutrition/Special & Restricted Diets,/Health/Diets
/Health/Nutrition/Vitamins & Supplements,/Health/Vitamins
/Health/Oral & Dental Care,/Health/Dental
/Health/Pharmacy,/Health/Pharmacy
/Health/Pharmacy/Drugs & Medications,/Health/Medications
/Health/Public Health,/Health/Public Health
/Health/Public Health/Occupational Health & Safety,/Health/Occupational Health
/Health/Reproductive Health,/Health/Reproductive
/Health/Substance Abuse,/Health/Substance Abuse
/Health/Substance Abuse/Drug & Alcohol Testing,/Health/Substance Abuse
/Health/Substance Abuse/Drug & Alcohol Treatment,/Health/Substance Abuse
/Health/Substance Abuse/Smoking & Smoking Cessation,/Health/Smoking
/Health/Substance Abuse/Steroids & Performance-Enhancing Drugs,/Health/Substance Abuse
/Health/Vision Care,/Health/Vision
/Health/Vision Care/Eyeglasses & Contacts,/Health/Vision
/Health/Women's Health,/Health/Women's Health
,
,
/Travel,/Travel
/Travel/Air Travel,/Travel/Air Travel
/Travel/Air Travel/Airport Parking & Transportation,/Travel/Air Travel
/Travel/Bus & Rail,/Travel/Bus & Rail
/Travel/Car Rental & Taxi Services,"/Travel/Car Rental, Travel/Taxi & Ride Sharing"
/Travel/Cruises & Charters,/Travel/Cruises & Charters
/Travel/Hotels & Accommodations,/Travel/Hotels
/Travel/Hotels & Accommodations/Vacation Rentals & Short-Term Stays,/Travel/Vacation Rentals
/Travel/Specialty Travel,/Travel
/Travel/Tourist Destinations,/Travel
/Travel/Tourist Destinations/Beaches & Islands,/Travel/Beaches
/Travel/Tourist Destinations/Mountain & Ski Resorts,/Travel/Mountains & Skiing
/Travel/Tourist Destinations/Regional Parks & Gardens,/Travel/Parks
/Travel/Tourist Destinations/Theme Parks,/Travel/Theme Parks
/Travel/Tourist Destinations/Zoos-Aquariums-Preserves,/Travel/Zoos